/*
Navicat MySQL Data Transfer

Source Server         : localhost
Source Server Version : 50520
Source Host           : localhost:3306
Source Database       : newsweb

Target Server Type    : MYSQL
Target Server Version : 50520
File Encoding         : 65001

Date: 2017-03-20 15:10:55
*/

SET FOREIGN_KEY_CHECKS=0;

-- ----------------------------
-- Table structure for cms_admin
-- ----------------------------
DROP TABLE IF EXISTS `cms_admin`;
CREATE TABLE `cms_admin` (
  `admin_id` mediumint(6) unsigned NOT NULL AUTO_INCREMENT COMMENT '主键ID',
  `username` varchar(20) NOT NULL DEFAULT '' COMMENT '用户名',
  `password` varchar(32) NOT NULL DEFAULT '' COMMENT '密码',
  `lastloginip` varchar(15) DEFAULT '0' COMMENT '最后登录IP',
  `lastlogintime` int(10) unsigned DEFAULT '0' COMMENT '最后登录时间',
  `email` varchar(40) DEFAULT '' COMMENT '邮箱',
  `realname` varchar(50) NOT NULL DEFAULT '' COMMENT '真实姓名',
  `status` tinyint(1) NOT NULL DEFAULT '1' COMMENT '状态',
  PRIMARY KEY (`admin_id`),
  KEY `username` (`username`)
) ENGINE=MyISAM AUTO_INCREMENT=10 DEFAULT CHARSET=utf8;

-- ----------------------------
-- Records of cms_admin
-- ----------------------------
INSERT INTO `cms_admin` VALUES ('1', 'admin', 'd099d126030d3207ba102efa8e60630a', '0', '1488250252', 'tracywxh0830@126.com', 'singwa', '1');
INSERT INTO `cms_admin` VALUES ('2', 'singwa', 'a8ea3a23aa715c8772dd5b4a981ba6f4', '0', '1458139801', '', '王新华', '1');
INSERT INTO `cms_admin` VALUES ('3', 'singwa', 'a8ea3a23aa715c8772dd5b4a981ba6f4', '0', '0', '', '', '-1');
INSERT INTO `cms_admin` VALUES ('4', 'singwa3', '79d4026540fdd95e4a0b627c77e6fa44', '0', '1458144621', '', 'singwa', '1');
INSERT INTO `cms_admin` VALUES ('5', 'singwa', '5ec68e6f496115b92ba5662a35922611', '0', '0', '', '1', '-1');
INSERT INTO `cms_admin` VALUES ('6', 'singwa222', '6f071d49b5122a7352d8f2cc21680079', '0', '0', '', 'singwa', '1');
INSERT INTO `cms_admin` VALUES ('7', 'singwa222', '5ec68e6f496115b92ba5662a35922611', '0', '0', '', '1', '-1');
INSERT INTO `cms_admin` VALUES ('8', 'singwa123', '204c93175e725ca51d28633055536e09', '0', '1458485298', 'singcms@singwa.com', 'singcms123', '0');
INSERT INTO `cms_admin` VALUES ('9', 'LRY', 'd099d126030d3207ba102efa8e60630a', '0', '1487752771', '123456789@qq.com', '测试222', '1');

-- ----------------------------
-- Table structure for cms_menu
-- ----------------------------
DROP TABLE IF EXISTS `cms_menu`;
CREATE TABLE `cms_menu` (
  `menu_id` smallint(6) unsigned NOT NULL AUTO_INCREMENT COMMENT '主键ID',
  `name` varchar(40) NOT NULL DEFAULT '' COMMENT '菜单名',
  `parentid` smallint(6) NOT NULL DEFAULT '0' COMMENT '多级栏目预设',
  `m` varchar(20) NOT NULL DEFAULT '' COMMENT '模块',
  `c` varchar(20) NOT NULL DEFAULT '' COMMENT '控制器',
  `f` varchar(20) NOT NULL DEFAULT '' COMMENT '操作方法',
  `data` varchar(100) NOT NULL DEFAULT '',
  `listorder` smallint(6) unsigned NOT NULL DEFAULT '0' COMMENT '排序使用',
  `status` tinyint(1) NOT NULL DEFAULT '1' COMMENT '状态',
  `type` tinyint(1) unsigned NOT NULL DEFAULT '0' COMMENT '类型,区分前台后台菜单',
  PRIMARY KEY (`menu_id`),
  KEY `listorder` (`listorder`),
  KEY `parentid` (`parentid`),
  KEY `module` (`m`,`c`,`f`)
) ENGINE=MyISAM AUTO_INCREMENT=25 DEFAULT CHARSET=utf8;

-- ----------------------------
-- Records of cms_menu
-- ----------------------------
INSERT INTO `cms_menu` VALUES ('1', '菜单管理', '0', 'admin', 'menu', 'index', '', '11', '1', '1');
INSERT INTO `cms_menu` VALUES ('2', '文章管理', '0', 'admin', 'Content', 'index', '', '0', '-1', '1');
INSERT INTO `cms_menu` VALUES ('3', '体育', '0', 'home', 'cat', 'index', '', '0', '1', '0');
INSERT INTO `cms_menu` VALUES ('4', '科技', '0', 'home', 'cat ', 'index', '', '0', '-1', '0');
INSERT INTO `cms_menu` VALUES ('5', '汽车', '0', 'home', 'cat', 'index', '', '0', '-1', '0');
INSERT INTO `cms_menu` VALUES ('6', '文章管理', '0', 'admin', 'content', 'index', '', '9', '1', '1');
INSERT INTO `cms_menu` VALUES ('7', '用户管理', '0', 'admin', 'user', 'index', '', '0', '-1', '1');
INSERT INTO `cms_menu` VALUES ('8', '科技', '0', 'home', 'cat', 'index', '', '0', '1', '0');
INSERT INTO `cms_menu` VALUES ('9', '推荐位管理', '0', 'admin', 'position', 'index', '', '4', '1', '1');
INSERT INTO `cms_menu` VALUES ('10', '推荐位内容管理', '0', 'admin', 'positioncontent', 'index', '', '1', '1', '1');
INSERT INTO `cms_menu` VALUES ('11', '基本管理', '0', 'admin', 'basic', 'index', '', '5', '1', '1');
INSERT INTO `cms_menu` VALUES ('12', '新闻', '0', 'home', 'cat', 'index', '', '0', '1', '0');
INSERT INTO `cms_menu` VALUES ('13', '用户管理', '0', 'admin', 'admin', 'index', '', '0', '1', '1');
INSERT INTO `cms_menu` VALUES ('24', '测试', '0', 'admin', 'test', 'test', '', '10', '-1', '1');

-- ----------------------------
-- Table structure for cms_news
-- ----------------------------
DROP TABLE IF EXISTS `cms_news`;
CREATE TABLE `cms_news` (
  `news_id` mediumint(8) unsigned NOT NULL AUTO_INCREMENT COMMENT '主键ID',
  `catid` smallint(5) unsigned NOT NULL DEFAULT '0' COMMENT '栏目ID，用于判断所属栏目',
  `title` varchar(80) NOT NULL DEFAULT '' COMMENT '标题',
  `small_title` varchar(30) NOT NULL DEFAULT '' COMMENT '副标题',
  `title_font_color` varchar(250) DEFAULT NULL COMMENT '标题颜色',
  `thumb` varchar(100) NOT NULL DEFAULT '' COMMENT '缩略图',
  `video` varchar(100) DEFAULT '' COMMENT '视频',
  `keywords` char(40) NOT NULL DEFAULT '' COMMENT '关键字',
  `description` varchar(250) NOT NULL COMMENT '文章描述',
  `posids` varchar(250) NOT NULL DEFAULT '' COMMENT '推荐位ID',
  `listorder` tinyint(3) unsigned NOT NULL DEFAULT '0' COMMENT '排序',
  `status` tinyint(1) NOT NULL DEFAULT '1' COMMENT '状态',
  `copyfrom` varchar(250) DEFAULT NULL COMMENT '来源',
  `username` char(20) NOT NULL COMMENT '用户名',
  `create_time` int(10) unsigned NOT NULL DEFAULT '0' COMMENT '创建时间',
  `update_time` int(10) unsigned NOT NULL DEFAULT '0' COMMENT '更新时间',
  `count` int(10) unsigned NOT NULL DEFAULT '0' COMMENT '计数器',
  PRIMARY KEY (`news_id`),
  KEY `status` (`status`),
  KEY `listorder` (`listorder`),
  KEY `catid` (`catid`)
) ENGINE=MyISAM AUTO_INCREMENT=46 DEFAULT CHARSET=utf8;

-- ----------------------------
-- Records of cms_news
-- ----------------------------
INSERT INTO `cms_news` VALUES ('17', '3', 'test', 'test', '#5674ed', '/upload/2016/03/06/56dbdc0c483af.JPG', '', 'sss', 'sss', '', '1', '-1', '0', 'admin', '1455756856', '0', '0');
INSERT INTO `cms_news` VALUES ('18', '3', '你好ssss', '你好', '#ed568b', '/upload/2016/03/06/56dbdc015e662.JPG', '', '你好', '你好sssss  ss', '', '2', '-1', '3', 'admin', '1455756999', '0', '0');
INSERT INTO `cms_news` VALUES ('19', '8', '1', '11', '#5674ed', '/upload/2016/02/28/56d312b12ccec.png', '', '1', '1', '', '0', '-1', '0', 'admin', '1456673467', '0', '0');
INSERT INTO `cms_news` VALUES ('20', '3', '事实上', '11', '', '/upload/2016/02/28/56d3185781237.png', '', '1', '11', '', '0', '-1', '0', 'admin', '1456674909', '0', '0');
INSERT INTO `cms_news` VALUES ('21', '3', '习近平今日下午出席解放军代表团全体会议', '习近平出席解放军代表团全体会议', '#5674ed', '/imoocnews/upload/2017/02/05/589681042fc44.jpg', '', '中共中央总书记 国家主席 中央军委主席 习近平', '中共中央总书记', '', '17', '-1', '1', 'admin', '1457854896', '0', '67');
INSERT INTO `cms_news` VALUES ('22', '12', '李克强让部长们当第一新闻发言人', '李克强让部长们当第一新闻发言人', '#5674ed', '/imoocnews/upload/2017/02/05/589686b719708.jpg', '', '李克强  新闻发言人', '部长直接面对媒体回应关切，还能直接读到民情民生民意，而不是看别人的舆情汇报。', '', '0', '-1', '0', 'admin', '1457855362', '0', '33');
INSERT INTO `cms_news` VALUES ('23', '3', '重庆美女球迷争芳斗艳', '重庆美女球迷争芳斗艳', '#5674ed', '/imoocnews/upload/2017/02/05/589686a551b69.jpg', '', '重庆美女 球迷 争芳斗艳', '重庆美女球迷争芳斗艳', '', '0', '-1', '0', 'admin', '1457855680', '0', '22');
INSERT INTO `cms_news` VALUES ('24', '3', '中超-汪嵩世界波制胜 富力客场1-0力擒泰达', '中超-汪嵩世界波制胜 富力客场1-0力擒泰达', '#5674ed', '/imoocnews/upload/2017/02/05/5896869070e09.jpg', '', '中超 汪嵩世界波  富力客场', '中超-汪嵩世界波制胜 富力客场1-0力擒泰达', '', '16', '-1', '0', 'admin', '1457856460', '0', '31');
INSERT INTO `cms_news` VALUES ('30', '3', '你好', '你好', '#5674ed', '', '', '你好', '你好', '', '0', '-1', '0', 'admin', '1485081566', '0', '0');
INSERT INTO `cms_news` VALUES ('31', '3', '你好', '你好', '#5674ed', '', '', '你好', '你好', '', '0', '-1', '0', 'admin', '1485081583', '0', '0');
INSERT INTO `cms_news` VALUES ('32', '3', '你好', '你好', '#5674ed', '', '', '你好', '你好', '', '0', '-1', '0', 'admin', '1485081624', '0', '0');
INSERT INTO `cms_news` VALUES ('33', '12', '重庆', '你好', '#ed568b', '/imoocnews/upload/2017/01/23/5885a7dcc41a5.jpg', '', '你好', '你好', '', '0', '-1', '4', 'admin', '1485094190', '0', '5');
INSERT INTO `cms_news` VALUES ('34', '3', '你好', '你好', '#5674ed', '/imoocnews/upload/2017/01/23/5885c0e0caa79.png', '', '你好', '你好', '', '0', '-1', '0', 'admin', '1485160675', '0', '0');
INSERT INTO `cms_news` VALUES ('35', '12', '东北虎胖成气球：“这就是过年后的你”', '过年后', '#ed568b', '/imoocnews/upload/2017/02/09/589befc90d942.jpg', '', '东北虎', '东北虎', '', '10', '1', '5', 'admin', '1486614679', '0', '19');
INSERT INTO `cms_news` VALUES ('36', '12', '吴三桂绝世珍宝惊艳亮相 3件展品暴露称帝之心', '吴三桂', '#ed568b', '/imoocnews/upload/2017/02/09/589bf1990d915.jpg', '', '吴三桂 珍宝', '吴三桂珍宝', '', '1', '1', '0', 'admin', '1486615110', '0', '6');
INSERT INTO `cms_news` VALUES ('37', '8', '产品方法论：B端产品需求梳理分析模型', '产品方法论', '#5674ed', '/imoocnews/upload/2017/02/09/589bf2c30e4bb.png', '', '@Leon 产品方法论', '产品方法论', '', '100', '1', '0', 'admin', '1486615335', '0', '10');
INSERT INTO `cms_news` VALUES ('38', '3', '川疆战爆发冲突 哈达迪恶意锁喉周琦挥拳(图)', '川疆战', '#5674ed', '/imoocnews/upload/2017/02/09/589bf40ed1248.jpg', '', '川疆战爆发冲突', '川疆战爆发冲突 ', '', '1', '1', '0', 'admin', '1486615754', '0', '4');
INSERT INTO `cms_news` VALUES ('39', '12', '网友晒逼真“麻将汤圆”引调侃 吃了保证手气好', '网友晒逼真“麻将汤圆”', '#ed568b', '/imoocnews/upload/2017/02/09/589bf5fcecb1e.jpg', '', '麻将汤圆', '麻将汤圆', '', '1', '1', '1', 'admin', '1486616337', '0', '7');
INSERT INTO `cms_news` VALUES ('40', '12', '青岛庙会现红烧肉糖葫芦 画风“辣眼', '青岛庙会现红烧肉糖葫芦 画风“辣眼', '#ed568b', '/imoocnews/upload/2017/02/09/589bf7862c415.jpg', '', '青岛庙会现红烧肉糖葫芦 画风“辣眼', '青岛庙会现红烧肉糖葫芦 画风“辣眼', '', '0', '1', '1', 'admin', '1486616618', '0', '3');
INSERT INTO `cms_news` VALUES ('41', '8', '扎克伯格计划资助近50名科学家 主要研究疟疾传播', '扎克伯格计划资助近50名科学家 主要研究疟疾传播', '#5674ed', '/imoocnews/upload/2017/02/09/589c0bdf378d9.jpg', '', '扎克伯格计划资助近50名科学家 主要研究疟疾传播', '扎克伯格计划资助近50名科学家 主要研究疟疾传播', '', '99', '1', '5', 'admin', '1486621699', '0', '2');
INSERT INTO `cms_news` VALUES ('42', '8', '阿里效仿谷歌 也要在印度推免费互联网服务', '阿里效仿谷歌 也要在印度推免费互联网服务', '#5674ed', '/imoocnews/upload/2017/02/09/589c0c5ad04c9.jpg', '', '阿里效仿谷歌 也要在印度推免费互联网服务', '阿里效仿谷歌 也要在印度推免费互联网服务', '', '99', '1', '5', 'admin', '1486621828', '0', '45');
INSERT INTO `cms_news` VALUES ('43', '8', '雷军：最近头疼线下渠道 很多人劝我把产品卖得更贵', '雷军：最近头疼线下渠道 很多人劝我把产品卖得更贵', '#5674ed', '/imoocnews/upload/2017/02/09/589c0d263f006.jpg', '', '雷军：最近头疼线下渠道 很多人劝我把产品卖得更贵', '雷军：最近头疼线下渠道 很多人劝我把产品卖得更贵', '', '0', '1', '5', 'admin', '1486622016', '0', '0');
INSERT INTO `cms_news` VALUES ('44', '8', '超震撼的宇宙演化过程', '超震撼的宇宙演化过程', '#5674ed', '/imoocnews/upload/2017/02/23/58aea4db58d0a.jpg', '', '超震撼的宇宙演化过程', '超震撼的宇宙演化过程', '', '0', '-1', '0', 'admin', '1487840494', '0', '1');
INSERT INTO `cms_news` VALUES ('45', '8', '超震撼的宇宙演化过程!!', '超震撼的宇宙演化过程', '#5674ed', '/imoocnews/upload/2017/02/27/58b3eb23b5fb5.jpg', '/imoocnews/video/2017/02/27/58b3eac33ea0d.mp4', '超震撼的宇宙演化过程', '超震撼的宇宙演化过程', '', '101', '1', '0', 'admin', '1487840939', '0', '114');

-- ----------------------------
-- Table structure for cms_news_content
-- ----------------------------
DROP TABLE IF EXISTS `cms_news_content`;
CREATE TABLE `cms_news_content` (
  `id` mediumint(8) unsigned NOT NULL AUTO_INCREMENT COMMENT '主键ID',
  `news_id` mediumint(8) unsigned NOT NULL COMMENT '主表ID',
  `content` mediumtext NOT NULL COMMENT '文章内容',
  `create_time` int(10) unsigned NOT NULL DEFAULT '0' COMMENT '创建时间',
  `update_time` int(10) unsigned NOT NULL DEFAULT '0' COMMENT '更新时间',
  PRIMARY KEY (`id`),
  KEY `news_id` (`news_id`)
) ENGINE=MyISAM AUTO_INCREMENT=36 DEFAULT CHARSET=utf8;

-- ----------------------------
-- Records of cms_news_content
-- ----------------------------
INSERT INTO `cms_news_content` VALUES ('7', '17', '&lt;p&gt;\r\n	gsdggsgsgsgsg\r\n&lt;/p&gt;\r\n&lt;p&gt;\r\n	sgsg\r\n&lt;/p&gt;\r\n&lt;p&gt;\r\n	gsdgsg \r\n&lt;/p&gt;\r\n&lt;p style=&quot;text-align:center;&quot;&gt;\r\n	       ggg\r\n&lt;/p&gt;', '1455756856', '0');
INSERT INTO `cms_news_content` VALUES ('8', '18', '&lt;p&gt;\r\n	你好\r\n&lt;/p&gt;\r\n&lt;p&gt;\r\n	我很好dsggfg\r\n&lt;/p&gt;\r\n&lt;p&gt;\r\n	&lt;br /&gt;\r\n&lt;/p&gt;\r\n&lt;p&gt;\r\n	gsgfgdfgd\r\n&lt;/p&gt;\r\n&lt;p&gt;\r\n	&lt;br /&gt;\r\n&lt;/p&gt;\r\n&lt;p&gt;\r\n	&lt;br /&gt;\r\n&lt;/p&gt;\r\n&lt;p&gt;\r\n	&lt;br /&gt;\r\n&lt;/p&gt;\r\n&lt;p&gt;\r\n	gggg\r\n&lt;/p&gt;', '1455756999', '0');
INSERT INTO `cms_news_content` VALUES ('9', '19', '111', '1456673467', '0');
INSERT INTO `cms_news_content` VALUES ('10', '20', '111', '1456674909', '0');
INSERT INTO `cms_news_content` VALUES ('11', '21', '<p>\r\n	<span style=\"font-family:\'Microsoft YaHei\', u5FAEu8F6Fu96C5u9ED1, Arial, SimSun, u5B8Bu4F53;font-size:16px;line-height:32px;\">&nbsp; &nbsp; &nbsp; 3月13日下午，中共中央总书记、国家主席、中央军委主席习近平出席十二届全国人大四次会议解放军代表团全体会议，并发表重要讲话。</span>\r\n</p>\r\n<p>\r\n	<span style=\"font-family:\'Microsoft YaHei\', u5FAEu8F6Fu96C5u9ED1, Arial, SimSun, u5B8Bu4F53;font-size:16px;line-height:32px;\"><img src=\"/upload/2016/03/13/56e519acb12ee.png\" alt=\"\" /><br />\r\n</span>\r\n</p>', '1457854896', '0');
INSERT INTO `cms_news_content` VALUES ('12', '22', '<p style=\"font-size:16px;font-family:\'Microsoft YaHei\', u5FAEu8F6Fu96C5u9ED1, Arial, SimSun, u5B8Bu4F53;\">\r\n	&nbsp; &nbsp; “部长通道”是今年两会一大亮点，成为两会开放透明和善待媒体的一个象征。在这个通道上，以往记者拉着喊着部长接受采访的场景不见了，变为部长主动站出来回应关切，甚至变成部长排队10多分钟等着接受采访。媒体报道称，两会前李克强总理接连两次“发话”，要求各部委主要负责人“要积极回应舆论关切”。部长主动放料，使这个通道上传出了很多新闻，如交通部长对拥堵费传闻的回应，人社部部长称网传延迟退休时间表属误读等。\r\n</p>\r\n<p style=\"font-size:16px;font-family:\'Microsoft YaHei\', u5FAEu8F6Fu96C5u9ED1, Arial, SimSun, u5B8Bu4F53;\">\r\n	&nbsp; &nbsp; &nbsp;&nbsp;<img src=\"/upload/2016/03/13/56e51b7fcd445.jpg\" alt=\"\" />\r\n</p>\r\n<p style=\"font-size:16px;font-family:\'Microsoft YaHei\', u5FAEu8F6Fu96C5u9ED1, Arial, SimSun, u5B8Bu4F53;\">\r\n	&nbsp; &nbsp; &nbsp; 记者之所以喜欢跑两会，原因之一是两会上高官云集，能“堵”到、“逮”到、“抢”到很多大新闻——现在不需要堵、逮和抢，部长们主动曝料，打通了各种阻隔，树立了开明开放的政府形象。期待“部长通道”不只在两会期间存在，最好能成为一种官媒交流、官民沟通的常态化新闻通道。\r\n</p>\r\n<p style=\"font-size:16px;font-family:\'Microsoft YaHei\', u5FAEu8F6Fu96C5u9ED1, Arial, SimSun, u5B8Bu4F53;\">\r\n	<span style=\"font-family:\'Microsoft YaHei\', u5FAEu8F6Fu96C5u9ED1, Arial, SimSun, u5B8Bu4F53;font-size:16px;line-height:32px;\">部长们多面对媒体多发言，不仅能提高自身的媒介素养，也带动部门新闻发言人，更加重视与媒体沟通。部长直接面对媒体回应关切，还能直接读到民情民生民意，而不是看别人的舆情汇报。</span>\r\n</p>', '1457855362', '0');
INSERT INTO `cms_news_content` VALUES ('13', '23', '<p>\r\n	<span style=\"color:#666666;font-family:\'Microsoft Yahei\', 微软雅黑, SimSun, 宋体, \'Arial Narrow\', serif;font-size:14px;line-height:28px;background-color:#FFFFFF;\">&nbsp; &nbsp; &nbsp; 2016年3月13日，2016年中超联赛第2轮：重庆力帆vs河南建业，主场美女球迷争芳斗艳。</span>\r\n</p>\r\n<p>\r\n	<span style=\"color:#666666;font-family:\'Microsoft Yahei\', 微软雅黑, SimSun, 宋体, \'Arial Narrow\', serif;font-size:14px;line-height:28px;background-color:#FFFFFF;\"><img src=\"/upload/2016/03/13/56e51cb17542e.png\" alt=\"\" /><img src=\"/upload/2016/03/13/56e51cb180f8a.png\" alt=\"\" /><br />\r\n</span>\r\n</p>', '1457855680', '0');
INSERT INTO `cms_news_content` VALUES ('14', '24', '<p>\r\n	&nbsp;&nbsp;&nbsp;&nbsp;新浪体育讯　　北京时间2016年3月12日晚7点35分，2016年中超联赛第2轮的一场比赛在天津水滴体育场进行。由天津泰达主场对阵广州富力。上半场双方机会都不多，<strong>下半场第57分钟，常飞亚左路护住皮球回做，汪嵩迎球直接远射世界波破门。随后天津泰达尽管全力进攻，但伊万诺维奇和迪亚涅都浪费了近在咫尺的机会</strong>，最终不得不0-1主场告负。\r\n</p>\r\n<p>\r\n	<br />\r\n</p>\r\n<p>\r\n	&nbsp;&nbsp;&nbsp;&nbsp;由于首轮中超对阵北京国安的比赛延期举行，因此本场比赛实际上是天津泰达本赛季的首次亮相。新援蒙特罗领衔锋线，两名外援中后卫均首发出场。另一方面，在首轮主场不敌中超新贵河北华夏之后，本赛季球员流失较多的广州富力也许不得不早早开始他们的保级谋划。本场陈志钊红牌停赛，澳大利亚外援吉安努顶替了上轮首发的肖智。\r\n</p>\r\n<p>\r\n	&nbsp;&nbsp;&nbsp;&nbsp;广州富力显然更快地适应了比赛节奏。第3分钟，吉安努前插领球大步杀入禁区形成单刀，回防的赞纳迪内果断放铲化解险情。第8分钟，雷纳尔迪尼奥左路踩单车过人后低平球传中，约万诺维奇伸出大长腿将球挡出底线。第14分钟，富力队左路传中到远点，聂涛头球解围险些失误，送出本场比赛第一个角球。\r\n</p>\r\n<p>\r\n	&nbsp;&nbsp;&nbsp;&nbsp;天津队中场的配合逐渐找到一些感觉。第23分钟，天津队通过一连串小配合打到左路，周海滨下底传中被挡出底线。角球被富力队顶出后天津队二次将球传到禁区前沿，蒙特罗转身后射门但软弱无力被程月磊得到。第27分钟，约万诺维奇断球后直塞蒙特罗，蒙特罗转身晃开后卫在禁区外大力轰门打高。第29分钟，瓦格纳任意球吊入禁区，程月磊出击失误没有击到球，天津队后点将球再次传中，姜至鹏在对方夹击下奋力将球顶出底线。\r\n</p>\r\n<p>\r\n	&nbsp;&nbsp;&nbsp;&nbsp;双方都没有太好的打开僵局的办法，开始陷入苦战。第33分钟，常飞亚左路晃开空档突然起脚，皮球擦着近门柱稍稍偏出底线。第43分钟，白岳峰被雷纳尔迪尼奥断球得手，后者利用速度甩开约万诺维奇，低平球传中又躲过了赞纳迪内的滑铲，但吉安努门前近在咫尺的推射被杨启鹏神奇地单腿挡出！双方半场只得0-0互交白卷。\r\n</p>\r\n<p>\r\n	&nbsp;&nbsp;&nbsp;&nbsp;中场休息双方都没有换人。第47分钟，蒙特罗前场扣过多名对方队员后将球交给周海滨，但周海滨传中时禁区内的胡人天越位在先。第51分钟，王嘉楠右路晃开聂涛下底，但传中球又高又远。第54分钟，雷纳尔迪尼奥中场拿球挑过李本舰，后者无奈将其放倒吃到黄牌。第57分钟，常飞亚左路护住皮球回做，汪嵩迎球直接远射，杨启鹏鞭长莫及，皮球呼啸着直挂远角！世界波！富力队客场1-0取得领先。\r\n</p>\r\n<p>\r\n	&nbsp;&nbsp;&nbsp;&nbsp;第62分钟，瓦格纳任意球吊到禁区，程月磊再次拿球脱手，幸亏张耀坤将球踢出了边线。天津队率先做出调整，迪亚涅和周通两名前锋登场换下郭皓和瓦格纳。第64分钟，天津队右路传中，周通禁区内甩头攻门，程月磊侧扑将球得到。富力队并未保守。第66分钟，常飞亚左路连续盘带杀入禁区，小角度射门打偏。不过一分钟，雷纳尔迪尼奥禁区右角远射，皮球在门前反弹后稍稍偏出。\r\n</p>\r\n<p>\r\n	&nbsp;&nbsp;&nbsp;&nbsp;第71分钟，吉安努禁区角上回做，常飞亚跟进远射，杨启鹏单掌将球托出。天津队马上打出反击，蒙特罗禁区内转身将球分到右路，胡人天的传中找到后排插上的周海滨，但后者的大力头球顶得太正被程月磊侯个正着。富力队肖智换下卢琳。第74分钟，迪亚涅依靠强壮的身体杀入禁区直塞，蒙特罗停球后射门被密集防守的后卫挡出。\r\n</p>\r\n<p>\r\n	于洋换下雷纳尔迪尼奥，富力队加强防守。第81分钟，天津队角球开出，迪亚涅甩头攻门顶偏。天津队连续得到角球机会。第85分钟，天津队角球二次进攻，周通传中，蒙特罗后点头球回做，约万诺维奇离门不到两米处转身扫射竟然将球踢飞！\r\n</p>\r\n<div id=\"ad_33\" class=\"otherContent_01\" style=\"margin:10px 20px 10px 0px;padding:4px;\" align=\"center\">\r\n	<br />\r\n	<iframe src=\"http://img.adbox.sina.com.cn/ad/28543.html\" width=\"300px\" height=\"250px\" frameborder=\"0\">\r\n	</iframe>\r\n</div>\r\n<p>\r\n	&nbsp;&nbsp;&nbsp;&nbsp;天津队范柏群换下李本舰。富力队用宁安换下常飞亚。第88分钟，胡人天战术犯规吃到黄牌。天津队久攻不下，第90分钟，赞纳迪内40米开外远射打偏。第93分钟，蒙特罗左路传中，迪亚涅头球争顶下来之后顺势扫射，皮球贴着横梁高出。广州富力最终将优势保持到了终场取得三分。\r\n</p>\r\n<p>\r\n	进球信息：\r\n</p>\r\n<p>\r\n	&nbsp;&nbsp;&nbsp;&nbsp;天津泰达：无。\r\n</p>\r\n<p>\r\n	&nbsp;&nbsp;&nbsp;&nbsp;广州富力：第58分钟，卢琳左路回做，汪嵩跟上远射破网。\r\n</p>\r\n<p>\r\n	&nbsp;&nbsp;&nbsp;&nbsp;黄牌信息：\r\n</p>\r\n<p>\r\n	&nbsp;&nbsp;&nbsp;&nbsp;天津泰达：第54分钟，李本舰。第88分钟，胡人天。\r\n</p>\r\n<p>\r\n	&nbsp;&nbsp;&nbsp;&nbsp;广州富力：无。\r\n</p>\r\n<p>\r\n	&nbsp;&nbsp;&nbsp;&nbsp;红牌信息：无。\r\n</p>\r\n<p>\r\n	&nbsp;&nbsp;&nbsp;&nbsp;双方出场阵容：\r\n</p>\r\n<p>\r\n	&nbsp;&nbsp;&nbsp;&nbsp;天津泰达（4-5-1）：29-杨启鹏，23-聂涛、3-赞纳迪内、5-约万诺维奇、19-白岳峰，6-周海滨、7-李本舰（86分钟，28-范柏群）、8-胡人天、11-瓦格纳（63分钟，9-迪亚涅）、22-郭皓（63分钟，33-周通），10-蒙特罗；\r\n</p>\r\n<p>\r\n	广州富力（4-5-1）：1-程月磊，11-姜至鹏、5-张耀坤、22-张贤秀、28-王嘉楠，7-斯文森、21-常飞亚（88分钟，15-宁安）、23-卢琳（73分钟，29-肖智）、31-雷纳尔迪尼奥（77分钟，3-于洋）、33-汪嵩，9-吉安努。\r\n</p>\r\n<p>\r\n	（卢小挠）\r\n</p>\r\n<div>\r\n</div>\r\n<div style=\"font-size:0px;\">\r\n</div>\r\n<p>\r\n	<br />\r\n</p>', '1457856460', '0');
INSERT INTO `cms_news_content` VALUES ('15', '25', '&lt;p&gt;\r\n	test\r\n&lt;/p&gt;\r\n&lt;p&gt;\r\n	&lt;strong&gt;test&lt;br /&gt;\r\n&lt;/strong&gt;\r\n&lt;/p&gt;\r\n&lt;p align=&quot;center&quot;&gt;\r\n	&lt;strong&gt;testtest&lt;/strong&gt;\r\n&lt;/p&gt;', '1484967028', '0');
INSERT INTO `cms_news_content` VALUES ('16', '26', 'test', '1484967539', '0');
INSERT INTO `cms_news_content` VALUES ('17', '27', 'test3', '1484967756', '0');
INSERT INTO `cms_news_content` VALUES ('18', '28', '&lt;span class=&quot;pln&quot;&gt;number_int&lt;/span&gt;', '1484968812', '0');
INSERT INTO `cms_news_content` VALUES ('19', '29', '&lt;pre&gt;&lt;span style=&quot;color:#a6e22e;&quot;&gt;$copyfrom&lt;/span&gt;&lt;/pre&gt;', '1484970504', '0');
INSERT INTO `cms_news_content` VALUES ('20', '30', '你好', '1485081566', '0');
INSERT INTO `cms_news_content` VALUES ('21', '31', '你好', '1485081583', '0');
INSERT INTO `cms_news_content` VALUES ('22', '32', '你好', '1485081624', '0');
INSERT INTO `cms_news_content` VALUES ('23', '33', '你好', '1485094190', '0');
INSERT INTO `cms_news_content` VALUES ('24', '34', '你好', '1485160675', '0');
INSERT INTO `cms_news_content` VALUES ('25', '35', '&lt;p&gt;\r\n	&lt;span style=&quot;font-family:simSun, &amp;quot;font-size:14px;background-color:rgba(245, 245, 245, 0.6);&quot;&gt;&amp;nbsp;&amp;nbsp;据网络媒体2017年2月9日报道，近日有一组照片在网上走红。哈尔滨东北虎林园里“身材走样”的老虎一只只圆滚滚、胖都都，有如充饱气的气球，威严尽失，让网友们笑称：“都是过年回家给喂胖的！”，更有网友称：“这就是过年后的你”&lt;/span&gt;\r\n&lt;/p&gt;\r\n&lt;p style=&quot;text-align:center;&quot;&gt;\r\n	&lt;span style=&quot;font-family:simSun, &amp;quot;font-size:14px;background-color:rgba(245, 245, 245, 0.6);&quot;&gt;&lt;img src=&quot;/imoocnews/upload/2017/02/09/589bf00818f14.jpg&quot; alt=&quot;&quot; /&gt;&lt;br /&gt;\r\n&lt;/span&gt;\r\n&lt;/p&gt;\r\n&lt;p style=&quot;text-align:left;&quot;&gt;\r\n	&lt;span style=&quot;font-family:simSun, &amp;quot;font-size:14px;background-color:rgba(245, 245, 245, 0.6);&quot;&gt;&lt;span style=&quot;font-family:simSun, &amp;quot;font-size:14px;background-color:rgba(245, 245, 245, 0.6);&quot;&gt;&amp;nbsp;&amp;nbsp;据悉，东北虎林园为世界最大的东北虎人工饲养繁育基地，园内共有上千只东北虎，每年都会吸引许多来自世界各地的游客。据了解，东北虎主要分布在中国东北和俄罗斯西伯利亚的寒冷地带，是国际野生动物基金会所列“世界十大濒危动物”之一。&lt;/span&gt;&lt;/span&gt;\r\n&lt;/p&gt;\r\n&lt;p style=&quot;text-align:center;&quot;&gt;\r\n	&lt;span style=&quot;font-family:simSun, &amp;quot;font-size:14px;background-color:rgba(245, 245, 245, 0.6);&quot;&gt;&lt;span style=&quot;font-family:simSun, &amp;quot;font-size:14px;background-color:rgba(245, 245, 245, 0.6);&quot;&gt;&lt;img src=&quot;/imoocnews/upload/2017/02/09/589bf055d0252.jpg&quot; alt=&quot;&quot; /&gt;&lt;br /&gt;\r\n&lt;/span&gt;&lt;/span&gt;\r\n&lt;/p&gt;\r\n&lt;p style=&quot;text-align:center;&quot;&gt;\r\n	&lt;span style=&quot;font-family:simSun, &amp;quot;font-size:14px;background-color:rgba(245, 245, 245, 0.6);&quot;&gt;&lt;span style=&quot;font-family:simSun, &amp;quot;font-size:14px;background-color:rgba(245, 245, 245, 0.6);&quot;&gt;&lt;img src=&quot;/imoocnews/upload/2017/02/09/589bf08878e8d.jpg&quot; alt=&quot;&quot; /&gt;&lt;br /&gt;\r\n&lt;/span&gt;&lt;/span&gt;\r\n&lt;/p&gt;', '1486614679', '0');
INSERT INTO `cms_news_content` VALUES ('26', '36', '&lt;p&gt;\r\n	&lt;span style=&quot;font-family:simSun, &amp;quot;font-size:14px;background-color:rgba(245, 245, 245, 0.6);&quot;&gt;&amp;nbsp;&amp;nbsp;&amp;nbsp;&amp;nbsp;2月8日上午，“吴三桂龙凤金杯回流展”在昆明煤机厂金梦博藏馆举行。除了翡翠金盏对杯、“平西王府”款龙凤金杯和吴三桂铜像三件主要展品外，上千件由馆长康渝春私人收藏的古董珍品同时展出，让昆明市民有机会和历史文化近距离接触。据了解，展览预计持续一年，参观票价35元/人。&lt;/span&gt;\r\n&lt;/p&gt;\r\n&lt;p style=&quot;text-align:center;&quot;&gt;\r\n	&lt;span style=&quot;font-family:simSun, &amp;quot;font-size:14px;background-color:rgba(245, 245, 245, 0.6);&quot;&gt;&amp;nbsp;&amp;nbsp;&amp;nbsp;&amp;nbsp;&lt;img src=&quot;/imoocnews/upload/2017/02/09/589bf1c52452b.jpg&quot; alt=&quot;&quot; /&gt;&amp;nbsp;&amp;nbsp;&amp;nbsp;&amp;nbsp;&lt;/span&gt;&lt;span style=&quot;font-family:simSun, &amp;quot;font-size:14px;background-color:rgba(245, 245, 245, 0.6);&quot;&gt;&lt;/span&gt;&lt;img src=&quot;/imoocnews/upload/2017/02/09/589bf1d8a2d13.jpg&quot; alt=&quot;&quot; /&gt;\r\n&lt;/p&gt;\r\n&lt;p style=&quot;text-align:center;&quot;&gt;\r\n&lt;/p&gt;', '1486615110', '0');
INSERT INTO `cms_news_content` VALUES ('27', '37', '&lt;p&gt;\r\n	&lt;span style=&quot;color:#666666;font-family:&amp;quot;font-size:16px;background-color:#FAFAFA;&quot;&gt;&amp;nbsp;&amp;nbsp;&amp;nbsp;&amp;nbsp;在B端产品的工作当中，常常要与不同的业务部门打交道，他们的角色众多、诉求各有差异，造就了后台业务产品的复杂性，下面介绍一下我在国内排名第一的房产中介公司工作以来总结的一套产品方法论。&lt;/span&gt;\r\n&lt;/p&gt;\r\n&lt;p&gt;\r\n	&lt;span style=&quot;color:#666666;font-family:&amp;quot;font-size:16px;background-color:#FAFAFA;&quot;&gt;\r\n	&lt;h2 style=&quot;font-family:&amp;quot;font-size:18px;vertical-align:baseline;color:#333333;&quot;&gt;\r\n		需求梳理\r\n	&lt;/h2&gt;\r\n	&lt;p style=&quot;font-family:&amp;quot;font-size:16px;vertical-align:baseline;color:#666666;&quot;&gt;\r\n		我们常常收到来自用户（业务部门）或老板，以一句话高度概括提出的需求：“我需要对挂牌房源进行回访，并进行判定”、“我需要一个对网站400来电录音进行打分的平台”……因此，需要一个框架有序、完整的与用户一起梳理需求十分有必要。\r\n	&lt;/p&gt;\r\n	&lt;blockquote style=&quot;font-family:&amp;quot;font-size:16px;vertical-align:baseline;background-color:#FAFAFA;color:#333333;&quot;&gt;\r\n		&lt;p style=&quot;font-family:inherit;font-style:inherit;font-weight:inherit;vertical-align:baseline;color:#666666;&quot;&gt;\r\n			需求梳理框架：用户-场景-路径\r\n		&lt;/p&gt;\r\n	&lt;/blockquote&gt;\r\n	&lt;h3 style=&quot;font-family:&amp;quot;font-size:16px;font-weight:inherit;vertical-align:baseline;color:#333333;&quot;&gt;\r\n		&lt;span style=&quot;font-weight:700;&quot;&gt;用户&lt;/span&gt;\r\n	&lt;/h3&gt;\r\n	&lt;p style=&quot;font-family:&amp;quot;font-size:16px;vertical-align:baseline;color:#666666;&quot;&gt;\r\n		在B端产品中，用户即业务部门或前线业务人员的角色。\r\n	&lt;/p&gt;\r\n	&lt;p style=&quot;font-family:&amp;quot;font-size:16px;vertical-align:baseline;color:#666666;&quot;&gt;\r\n		在面对分工精细的企业内部，我们可以从“&lt;span style=&quot;font-weight:700;&quot;&gt;现在是怎样的？”&lt;/span&gt;去入手了解当前的部门架构、岗位分工。\r\n	&lt;/p&gt;\r\n	&lt;p style=&quot;font-family:&amp;quot;font-size:16px;vertical-align:baseline;color:#666666;&quot;&gt;\r\n		因为所有业务线，无论它现在如何低效或我们看来是多余的，但也是多年来一直优化，被证实有效的才得以保留和运作至今。所以即使新产品基于新流程、新技术，可以节省某些职能角色的参与，也只有从了解现有架构开始，理解现时为何这样配置，每个岗位有何目的和作用，才不至于在产品上线后，才发现一些业务部门隐藏的需求。\r\n	&lt;/p&gt;\r\n	&lt;p style=&quot;font-family:&amp;quot;font-size:16px;vertical-align:baseline;color:#666666;&quot;&gt;\r\n		这一步，我们的目标是了解有哪些人（角色），会参与到这个产品流程中。\r\n	&lt;/p&gt;\r\n	&lt;h3 style=&quot;font-family:&amp;quot;font-size:16px;font-weight:inherit;vertical-align:baseline;color:#333333;&quot;&gt;\r\n		&lt;span style=&quot;font-weight:700;&quot;&gt;场景&lt;/span&gt;\r\n	&lt;/h3&gt;\r\n	&lt;p style=&quot;font-family:&amp;quot;font-size:16px;vertical-align:baseline;color:#666666;&quot;&gt;\r\n		即：在什么场景下，有什么需求，要完成什么目标。把每个角色的场景、需求、目标都一一列出来，然后把需求打碎、重组，即可定义出相关的功能。\r\n	&lt;/p&gt;\r\n	&lt;p style=&quot;font-family:&amp;quot;font-size:16px;vertical-align:baseline;color:#666666;&quot;&gt;\r\n		这一步可以结合思维导图，采用发散思维方式，与用户一起完全穷尽各种可能发生的情况，再结合业务的考虑，提出对应的解决办法，与用户敲定。\r\n	&lt;/p&gt;\r\n	&lt;p style=&quot;font-family:&amp;quot;font-size:16px;vertical-align:baseline;color:#666666;&quot;&gt;\r\n		如何穷尽所有可能？这里有个小技巧：&lt;span style=&quot;font-family:inherit;font-style:inherit;font-weight:700;vertical-align:baseline;&quot;&gt;把问题拆解为一个个小问题，对每个小问题追问下去，直至无解、清楚为止。&lt;/span&gt;\r\n	&lt;/p&gt;\r\n	&lt;blockquote style=&quot;font-family:&amp;quot;font-size:16px;vertical-align:baseline;background-color:#FAFAFA;color:#333333;&quot;&gt;\r\n		&lt;p style=&quot;font-family:inherit;font-style:inherit;font-weight:inherit;vertical-align:baseline;color:#666666;&quot;&gt;\r\n			举个例子：400来电录音检核平台的需求：来电录音采用轮循机制随机分配给AE（Agent Energize，经纪赋能师）检核，以提升经纪人接听来电的服务水准和规范。\r\n		&lt;/p&gt;\r\n	&lt;/blockquote&gt;\r\n	&lt;p style=&quot;font-family:&amp;quot;font-size:16px;vertical-align:baseline;color:#666666;&quot;&gt;\r\n		数据来源：\r\n	&lt;/p&gt;\r\n	&lt;ol style=&quot;font-family:&amp;quot;font-size:16px;vertical-align:baseline;color:rgba(0, 0, 0, 0.8);&quot;&gt;\r\n		&lt;li style=&quot;font-family:inherit;font-style:inherit;font-weight:inherit;vertical-align:baseline;&quot;&gt;\r\n			AE的职位架构取自哪里？K3人事系统？虽然从常识可以知道人事数据来源于人事系统，但刚好本例是特例，由于历史原因，受限于K3系统的限制，“AE”这个的职位数据来源二手业务系统。所以如果新接触一个新角色，特别在历史悠久的公司，最好先与开发沟通，确定数据的来源，甚至如果当前不存在此架构数据，如何进一步处理。\r\n		&lt;/li&gt;\r\n		&lt;li style=&quot;font-family:inherit;font-style:inherit;font-weight:inherit;vertical-align:baseline;&quot;&gt;\r\n			录音来自于哪里？本例中，录音来自于北京总部每天会发送前一条的录音数据文件给我们，我们作为分公司再进一步导入处理。这里涉及到两地技术对接、协商处理。\r\n		&lt;/li&gt;\r\n	&lt;/ol&gt;\r\n	&lt;p style=&quot;font-family:&amp;quot;font-size:16px;vertical-align:baseline;color:#666666;&quot;&gt;\r\n		边界情况：\r\n	&lt;/p&gt;\r\n	&lt;ol style=&quot;font-family:&amp;quot;font-size:16px;vertical-align:baseline;color:rgba(0, 0, 0, 0.8);&quot;&gt;\r\n		&lt;li style=&quot;font-family:inherit;font-style:inherit;font-weight:inherit;vertical-align:baseline;&quot;&gt;\r\n			已分配录音后，AE离职，录音无人检核，是否需要重新分配？\r\n		&lt;/li&gt;\r\n		&lt;li style=&quot;font-family:inherit;font-style:inherit;font-weight:inherit;vertical-align:baseline;&quot;&gt;\r\n			假如离职录音重新分配，录音是否有时效性，比如只分配当月未检核的录音？否则将会影响到报表周期的数据\r\n		&lt;/li&gt;\r\n		&lt;li style=&quot;font-family:inherit;font-style:inherit;font-weight:inherit;vertical-align:baseline;&quot;&gt;\r\n			如果总部没有按照约定，在特定试点发送前一天录音给我们，后备方案怎么处理？\r\n		&lt;/li&gt;\r\n		&lt;li style=&quot;font-family:inherit;font-style:inherit;font-weight:inherit;vertical-align:baseline;&quot;&gt;\r\n			……\r\n		&lt;/li&gt;\r\n	&lt;/ol&gt;\r\n	&lt;p style=&quot;font-family:&amp;quot;font-size:16px;vertical-align:baseline;color:#666666;&quot;&gt;\r\n		以上只是简单举例，实际情况要进行更多的考虑。\r\n	&lt;/p&gt;\r\n	&lt;h3 style=&quot;font-family:&amp;quot;font-size:16px;font-weight:inherit;vertical-align:baseline;color:#333333;&quot;&gt;\r\n		&lt;span style=&quot;font-weight:700;&quot;&gt;路径&lt;/span&gt;\r\n	&lt;/h3&gt;\r\n	&lt;p style=&quot;font-family:&amp;quot;font-size:16px;vertical-align:baseline;color:#666666;&quot;&gt;\r\n		即：完成任务所需的流程，用流程把功能串联起来。\r\n	&lt;/p&gt;\r\n	&lt;p style=&quot;font-family:&amp;quot;font-size:16px;vertical-align:baseline;color:#666666;&quot;&gt;\r\n		这一步推荐使用泳道图，清晰表达角色之间的任务流程，和相互的关联。\r\n	&lt;/p&gt;\r\n	&lt;p style=&quot;font-family:&amp;quot;font-size:16px;vertical-align:baseline;color:#666666;&quot;&gt;\r\n		如果项目比较复杂，可以用流程图再进一步详细描述各个子流程。\r\n	&lt;/p&gt;\r\n	&lt;p style=&quot;font-family:&amp;quot;font-size:16px;vertical-align:baseline;color:#666666;&quot;&gt;\r\n		这里稍微提升一下思维高度：&lt;span style=&quot;font-family:inherit;font-style:inherit;font-weight:700;vertical-align:baseline;&quot;&gt;不论何种形式的图表，目的是与业务部门和团队成员沟通，所以选择的图表只要大家看得明白，实现高效沟通即可。&lt;/span&gt;\r\n	&lt;/p&gt;\r\n	&lt;p style=&quot;font-family:&amp;quot;font-size:16px;vertical-align:baseline;color:#666666;&quot;&gt;\r\n		通过以上三个需求分析框架，我们已经能够清晰与用户沟通，了解用户所需的需求，并通过进一步发掘、整合设想出产品的框架和主要功能。\r\n	&lt;/p&gt;\r\n	&lt;h2 style=&quot;font-family:&amp;quot;font-size:18px;vertical-align:baseline;color:#333333;&quot;&gt;\r\n		确定系统信息流、相关主体\r\n	&lt;/h2&gt;\r\n	&lt;h3 style=&quot;font-family:&amp;quot;font-size:16px;font-weight:inherit;vertical-align:baseline;color:#333333;&quot;&gt;\r\n		&lt;span style=&quot;font-weight:700;&quot;&gt;系统信息流&lt;/span&gt;\r\n	&lt;/h3&gt;\r\n	&lt;p style=&quot;font-family:&amp;quot;font-size:16px;vertical-align:baseline;color:#666666;&quot;&gt;\r\n		B端的业务系统，往往需要与很多其他基础服务（OA办公、人事、财务、通讯等）、不同业务系统间的对接。因为这些对接往往决定了新产品的数据来源、实现限制和接口规范，在动手写需求文档之前，不妨先与开发交流一下各关联系统的对接要求，以便可以写出更规范完整的需求文档。当然，一些基础性服务，如果团队间默契已经形成，可以节省这个步骤。\r\n	&lt;/p&gt;\r\n	&lt;h3 style=&quot;font-family:&amp;quot;font-size:16px;font-weight:inherit;vertical-align:baseline;color:#333333;&quot;&gt;\r\n		&lt;span style=&quot;font-weight:700;&quot;&gt;相关主体&lt;/span&gt;\r\n	&lt;/h3&gt;\r\n	&lt;p style=&quot;font-family:&amp;quot;font-size:16px;vertical-align:baseline;color:#666666;&quot;&gt;\r\n		在业务上，除了在产品内部的操作，还有很多是线下或对外部系统的操作。如何简单表述出参与者完整的业务活动？这里推荐使用——UML用例图。\r\n	&lt;/p&gt;\r\n	&lt;p style=&quot;font-family:&amp;quot;font-size:16px;vertical-align:baseline;color:#666666;&quot;&gt;\r\n		用例图有助于讨论和传达以下内容：\r\n	&lt;/p&gt;\r\n	&lt;ol style=&quot;font-family:&amp;quot;font-size:16px;vertical-align:baseline;color:rgba(0, 0, 0, 0.8);&quot;&gt;\r\n		&lt;li style=&quot;font-family:inherit;font-style:inherit;font-weight:inherit;vertical-align:baseline;&quot;&gt;\r\n			您的系统或应用程序与人、组织或外部系统进行交互的几种方案。\r\n		&lt;/li&gt;\r\n		&lt;li style=&quot;font-family:inherit;font-style:inherit;font-weight:inherit;vertical-align:baseline;&quot;&gt;\r\n			它帮助参与者实现的目标。\r\n		&lt;/li&gt;\r\n		&lt;li style=&quot;font-family:inherit;font-style:inherit;font-weight:inherit;vertical-align:baseline;&quot;&gt;\r\n			系统的范围。\r\n		&lt;/li&gt;\r\n	&lt;/ol&gt;\r\n	&lt;blockquote style=&quot;font-family:&amp;quot;font-size:16px;vertical-align:baseline;background-color:#FAFAFA;color:#333333;&quot;&gt;\r\n		&lt;p style=&quot;font-family:inherit;font-style:inherit;font-weight:inherit;vertical-align:baseline;color:#666666;&quot;&gt;\r\n			举个例子。网签预约系统项目：接案专员在网签预约系统（内部产品）收到经纪人的预约案件后，需要在房管局的“存量房预签约系统”进行相关操作，把导出的成交合同上传到网签预约系统（内部产品）以继续后续的确认签约流程。\r\n		&lt;/p&gt;\r\n	&lt;/blockquote&gt;\r\n	&lt;p style=&quot;font-family:&amp;quot;font-size:16px;vertical-align:baseline;color:#666666;&quot;&gt;\r\n		这个案例涉及几个主体：\r\n	&lt;/p&gt;\r\n	&lt;ol style=&quot;font-family:&amp;quot;font-size:16px;vertical-align:baseline;color:rgba(0, 0, 0, 0.8);&quot;&gt;\r\n		&lt;li style=&quot;font-family:inherit;font-style:inherit;font-weight:inherit;vertical-align:baseline;&quot;&gt;\r\n			经纪人\r\n		&lt;/li&gt;\r\n		&lt;li style=&quot;font-family:inherit;font-style:inherit;font-weight:inherit;vertical-align:baseline;&quot;&gt;\r\n			接案专员\r\n		&lt;/li&gt;\r\n		&lt;li style=&quot;font-family:inherit;font-style:inherit;font-weight:inherit;vertical-align:baseline;&quot;&gt;\r\n			房管局的“存量房预签约系统”\r\n		&lt;/li&gt;\r\n		&lt;li style=&quot;font-family:inherit;font-style:inherit;font-weight:inherit;vertical-align:baseline;&quot;&gt;\r\n			本产品：网签预约系统\r\n		&lt;/li&gt;\r\n	&lt;/ol&gt;\r\n	&lt;p style=&quot;font-family:&amp;quot;font-size:16px;vertical-align:baseline;color:#666666;&quot;&gt;\r\n		使用用例图即可清晰表达划分以上主体及其主要功能（任务），最大好处是以最简洁、高度概括的外部视角与用户（业务部门）沟通确认需求，确保对复杂的业务过程理解一致。\r\n	&lt;/p&gt;\r\n	&lt;h2 style=&quot;font-family:&amp;quot;font-size:18px;vertical-align:baseline;color:#333333;&quot;&gt;\r\n		项目范围\r\n	&lt;/h2&gt;\r\n	&lt;p style=&quot;font-family:&amp;quot;font-size:16px;vertical-align:baseline;color:#666666;&quot;&gt;\r\n		我把项目范围归纳为三种边界：需求边界、行业边界、系统边界。\r\n	&lt;/p&gt;\r\n	&lt;h3 style=&quot;font-family:&amp;quot;font-size:16px;font-weight:inherit;vertical-align:baseline;color:#333333;&quot;&gt;\r\n		&lt;span style=&quot;font-weight:700;&quot;&gt;需求边界&lt;/span&gt;\r\n	&lt;/h3&gt;\r\n	&lt;p style=&quot;font-family:&amp;quot;font-size:16px;vertical-align:baseline;color:#666666;&quot;&gt;\r\n		需求理应没有边界，但如果要实现需求，则存在资源等各种客观原因，使需求有了优先级——即版本规划。我们可以根据B端产品的特性，结合业务的迫切程度，划定优先级的判定标准，如果你的公司习惯项目时间由老板拍板，我这里建议其中一种办法是：在产品初步策划阶段，拓宽思路，尽可能规划完整的产品，向老板、决策者展现完整的目标成果。然后，列出各种功能的建议优先级和所耗资源，提请老板根据时间期限决定实现的优先级，定下此版本的项目范围，即交给老板做减法。\r\n	&lt;/p&gt;\r\n	&lt;h3 style=&quot;font-family:&amp;quot;font-size:16px;font-weight:inherit;vertical-align:baseline;color:#333333;&quot;&gt;\r\n		&lt;span style=&quot;font-weight:700;&quot;&gt;行业边界&lt;/span&gt;\r\n	&lt;/h3&gt;\r\n	&lt;p style=&quot;font-family:&amp;quot;font-size:16px;vertical-align:baseline;color:#666666;&quot;&gt;\r\n		如果我们设计的是会计、人力资源等专有行业的系统，我们就不能天马行空，系统的规则离不开行业的法律法规，比如会计就像一个正方形，法律法规已经设好边界，我们所做的是在边界内设计；人力资源的HRBP系统则像一个水桶，半开放式，有其自由性。所以我们设计产品的时候，第一是要深入发掘公司业务的需求，理解业务，通过产品、技术去提升公司效益；第二是熟悉行业相关法律法规，清晰产品的底线要求。为什么自己也要了解？因为业务人员很可能会认为一件在TA看来不言而喻的事情，而你作为行业外的设计者，根本不知道，产生需求盲点，直至产品上线才发现问题。\r\n	&lt;/p&gt;\r\n	&lt;h3 style=&quot;font-family:&amp;quot;font-size:16px;font-weight:inherit;vertical-align:baseline;color:#333333;&quot;&gt;\r\n		&lt;span style=&quot;font-weight:700;&quot;&gt;系统边界&lt;/span&gt;\r\n	&lt;/h3&gt;\r\n	&lt;p style=&quot;font-family:&amp;quot;font-size:16px;vertical-align:baseline;color:#666666;&quot;&gt;\r\n		一个产品，只应该为解决一个（类）问题而生。我们最常接触的业务系统，虽然业务多变，形态千变万化，每间公司有其特性，但只有找准主心骨，产品才可以有序健康地发展，我们可以用鱼骨型去比喻它。没有规划的系统，将会越来越变得臃肿难用，或会有一天系统不足以支撑而崩溃。要避免这个问题，有几点心得：\r\n	&lt;/p&gt;\r\n	&lt;ol style=&quot;font-family:&amp;quot;font-size:16px;vertical-align:baseline;color:rgba(0, 0, 0, 0.8);&quot;&gt;\r\n		&lt;li style=&quot;font-family:inherit;font-style:inherit;font-weight:inherit;vertical-align:baseline;&quot;&gt;\r\n			&lt;span style=&quot;font-family:inherit;font-style:inherit;font-weight:700;vertical-align:baseline;&quot;&gt;用程序上解耦的思维&lt;/span&gt;，把业务按事件拆分成各自独立的小产品，特别是把共性的基础业务部分独立出来，其他程序需要时其能力时调用接口即可。当一个业务变化时，不会令其他产品受到牵连，灵活性高。\r\n		&lt;/li&gt;\r\n		&lt;li style=&quot;font-family:inherit;font-style:inherit;font-weight:inherit;vertical-align:baseline;&quot;&gt;\r\n			&lt;span style=&quot;font-family:inherit;font-style:inherit;font-weight:700;vertical-align:baseline;&quot;&gt;拒绝不合理需求&lt;/span&gt;。虽然B端产品是很多是基于业务部门提出的“需求”，但用户往往习惯以自己的见解提出他们认为合适的解决方案，我们作为专业的产品设计者，应该学会分辨是需求还是解决方案，发觉出用户真正的需求，从全局考虑，整合需求，提出更好的解决方案。\r\n		&lt;/li&gt;\r\n		&lt;li style=&quot;font-family:inherit;font-style:inherit;font-weight:inherit;vertical-align:baseline;&quot;&gt;\r\n			&lt;span style=&quot;font-family:inherit;font-style:inherit;font-weight:700;vertical-align:baseline;&quot;&gt;一个产品，只应该为解决一个（类）问题而生。&lt;/span&gt;如果一个产品放到了一个不合适的地方，将会为未来留下隐患。在面对各种各样的需求时，我们应该清晰什么需求应该在什么地方（产品）解决。就像业务系统不应该存放人事数据一样。\r\n		&lt;/li&gt;\r\n	&lt;/ol&gt;\r\n	&lt;h2 style=&quot;font-family:&amp;quot;font-size:18px;vertical-align:baseline;color:#333333;&quot;&gt;\r\n		小结\r\n	&lt;/h2&gt;\r\n	&lt;p style=&quot;font-family:&amp;quot;font-size:16px;vertical-align:baseline;color:#666666;&quot;&gt;\r\n		最后，分享一下在实际工作中，产品上线真正的使用者和需求提出者很可能不是同一个人，需要我们想办法接触到实际操作同事，了解一下他们的想法，考虑到产品中去；需求沟通初步阶段，也很可能没有业务部门的主管（有决策权）或所有干系部门参与，所以当已有初步方案，一定要找所有与产品有干系的业务部门的主管落实方案，达成共识，避免上线后才发现沟通存在问题。\r\n	&lt;/p&gt;\r\n	&lt;p style=&quot;font-family:&amp;quot;font-size:16px;vertical-align:baseline;color:#666666;&quot;&gt;\r\n		&amp;nbsp;\r\n	&lt;/p&gt;\r\n	&lt;p style=&quot;font-family:&amp;quot;font-size:16px;vertical-align:baseline;color:#666666;&quot;&gt;\r\n		作者：Leon\r\n	&lt;/p&gt;\r\n	&lt;p style=&quot;font-family:&amp;quot;font-size:16px;vertical-align:baseline;color:#666666;&quot;&gt;\r\n		本文由 @Leon 原创发布于人人都是产品经理。未经许可，禁止转载。\r\n	&lt;/p&gt;\r\n&lt;br /&gt;\r\n&lt;/span&gt;\r\n&lt;/p&gt;', '1486615335', '0');
INSERT INTO `cms_news_content` VALUES ('28', '38', '&lt;p&gt;\r\n	&lt;span style=&quot;font-family:&amp;quot;font-size:16px;background-color:#FFFFFF;&quot;&gt;&amp;nbsp;&amp;nbsp;&amp;nbsp;&amp;nbsp;2月8日讯&amp;nbsp;CBA第33轮今晚全面开打，在一场焦点战四川主场迎战新疆的比赛中，第二节发生了十分火爆的一幕，哈达迪在篮下卡位时恶意锁喉周琦，年轻的周琦由于挥拳报复被裁判驱逐出场，哈达迪则吃到违体犯规。&lt;/span&gt;\r\n&lt;/p&gt;\r\n&lt;p&gt;\r\n	&lt;span style=&quot;font-family:&amp;quot;font-size:16px;background-color:#FFFFFF;&quot;&gt;&amp;nbsp;&amp;nbsp;&amp;nbsp;&amp;nbsp;&lt;span style=&quot;font-family:&amp;quot;font-size:16px;background-color:#FFFFFF;&quot;&gt;当时的情况是这样的，距第二节比赛还有5分42秒结束的时候，四川以26-41落后15分，当时四川发动进攻，周琦与哈达迪在篮下抢位，发生了肢体接触。哈达迪被卡住身位后，背后用右胳膊恶意锁住了周琦的喉咙，这样的动作惹怒了周琦，大魔王转身便是一下，直接打到哈达迪的脸上。&lt;/span&gt;&lt;/span&gt;\r\n&lt;/p&gt;\r\n&lt;p&gt;\r\n	&lt;span style=&quot;font-family:&amp;quot;font-size:16px;background-color:#FFFFFF;&quot;&gt;&amp;nbsp;&amp;nbsp;&amp;nbsp;&amp;nbsp;&lt;span style=&quot;font-family:&amp;quot;font-size:16px;background-color:#FFFFFF;&quot;&gt;冲突平息后，裁判观看了录像回放，做出了驱逐周琦出场，哈达迪违体犯规的判罚。&lt;/span&gt;&lt;/span&gt;\r\n&lt;/p&gt;\r\n&lt;p style=&quot;text-align:center;&quot;&gt;\r\n	&lt;br /&gt;\r\n&lt;/p&gt;', '1486615754', '0');
INSERT INTO `cms_news_content` VALUES ('29', '39', '&lt;p&gt;\r\n	&lt;span style=&quot;color:#666666;font-family:&amp;quot;font-size:14px;background-color:#FFFFFF;&quot;&gt;2月8日，山东聊城，元宵节临近一网友在自己朋友圈晒出创意十足的“麻将汤圆”，引来不少朋友留言点赞。&lt;/span&gt;\r\n&lt;/p&gt;\r\n&lt;p&gt;\r\n	&lt;span style=&quot;color:#666666;font-family:&amp;quot;font-size:14px;background-color:#FFFFFF;&quot;&gt;&lt;span style=&quot;color:#666666;font-family:&amp;quot;font-size:14px;background-color:#FFFFFF;&quot;&gt;汤圆上画有筒子、条子、万子图案或文字，十分逼真有趣。&lt;/span&gt;&lt;br /&gt;\r\n&lt;/span&gt;\r\n&lt;/p&gt;\r\n&lt;p&gt;\r\n	&lt;span style=&quot;color:#666666;font-family:&amp;quot;font-size:14px;background-color:#FFFFFF;&quot;&gt;&lt;span style=&quot;color:#666666;font-family:&amp;quot;font-size:14px;background-color:#FFFFFF;&quot;&gt;不少麻将发烧友被这创意十足的汤圆吸引，并调侃：‘吃了它保证手气好”。&lt;/span&gt;&lt;br /&gt;\r\n&lt;/span&gt;\r\n&lt;/p&gt;\r\n&lt;p style=&quot;text-align:center;&quot;&gt;\r\n	&lt;span style=&quot;color:#666666;font-family:&amp;quot;font-size:14px;background-color:#FFFFFF;&quot;&gt;&lt;img src=&quot;/imoocnews/upload/2017/02/09/589bf6620214a.jpg&quot; alt=&quot;&quot; width=&quot;400&quot; height=&quot;267&quot; title=&quot;&quot; align=&quot;&quot; /&gt;&lt;br /&gt;\r\n&lt;/span&gt;\r\n&lt;/p&gt;\r\n&lt;p style=&quot;text-align:center;&quot;&gt;\r\n	&lt;span style=&quot;color:#666666;font-family:&amp;quot;font-size:14px;background-color:#FFFFFF;&quot;&gt;&lt;img src=&quot;/imoocnews/upload/2017/02/09/589bf6bd70a31.jpg&quot; alt=&quot;&quot; width=&quot;400&quot; height=&quot;267&quot; title=&quot;&quot; align=&quot;&quot; /&gt;&lt;br /&gt;\r\n&lt;/span&gt;\r\n&lt;/p&gt;\r\n&lt;p style=&quot;text-align:center;&quot;&gt;\r\n	&lt;span style=&quot;color:#666666;font-family:&amp;quot;font-size:14px;background-color:#FFFFFF;&quot;&gt;&lt;img src=&quot;/imoocnews/upload/2017/02/09/589bf6e8efd14.jpg&quot; alt=&quot;&quot; width=&quot;400&quot; height=&quot;267&quot; title=&quot;&quot; align=&quot;&quot; /&gt;&lt;br /&gt;\r\n&lt;/span&gt;\r\n&lt;/p&gt;', '1486616337', '0');
INSERT INTO `cms_news_content` VALUES ('30', '40', '&lt;p&gt;\r\n	&lt;span style=&quot;color:#666666;font-family:&amp;quot;font-size:14px;background-color:#FFFFFF;&quot;&gt;2017年2月6日，一年一度的山东青岛萝卜·元宵·糖球会进入第二天，会上一种“画风辣眼睛”的糖葫芦——红烧肉糖葫芦，格外受欢迎。&lt;/span&gt;\r\n&lt;/p&gt;\r\n&lt;p style=&quot;text-align:center;&quot;&gt;\r\n	&lt;span style=&quot;color:#666666;font-family:&amp;quot;font-size:14px;background-color:#FFFFFF;&quot;&gt;&lt;img src=&quot;/imoocnews/upload/2017/02/09/589bf7e92c788.jpg&quot; alt=&quot;&quot; width=&quot;400&quot; height=&quot;266&quot; title=&quot;&quot; align=&quot;&quot; /&gt;&lt;br /&gt;\r\n&lt;/span&gt;\r\n&lt;/p&gt;\r\n&lt;p&gt;\r\n	&lt;span style=&quot;color:#666666;font-family:&amp;quot;font-size:14px;background-color:#FFFFFF;&quot;&gt;&lt;span style=&quot;color:#666666;font-family:&amp;quot;font-size:14px;background-color:#FFFFFF;&quot;&gt;制作好的红烧肉冷却后穿串，串的前后端各加一颗山楂，然后挂糖，红烧肉糖葫芦就制成了。&lt;/span&gt;&lt;/span&gt;\r\n&lt;/p&gt;\r\n&lt;p&gt;\r\n	&lt;span style=&quot;color:#666666;font-family:&amp;quot;font-size:14px;background-color:#FFFFFF;&quot;&gt;&lt;span style=&quot;color:#666666;font-family:&amp;quot;font-size:14px;background-color:#FFFFFF;&quot;&gt;据这种花式糖葫芦的“发明人”刘大姐介绍，庙会期间，红烧肉糖葫芦一天能卖700多串，每串卖20元。&lt;/span&gt;&lt;/span&gt;\r\n&lt;/p&gt;\r\n&lt;p style=&quot;text-align:center;&quot;&gt;\r\n	&lt;span style=&quot;color:#666666;font-family:&amp;quot;font-size:14px;background-color:#FFFFFF;&quot;&gt;&lt;span style=&quot;color:#666666;font-family:&amp;quot;font-size:14px;background-color:#FFFFFF;&quot;&gt;&lt;img src=&quot;/imoocnews/upload/2017/02/09/589bf7fd96c51.jpg&quot; alt=&quot;&quot; width=&quot;400&quot; height=&quot;266&quot; title=&quot;&quot; align=&quot;&quot; /&gt;&lt;br /&gt;\r\n&lt;/span&gt;&lt;/span&gt;\r\n&lt;/p&gt;\r\n&lt;p&gt;\r\n	&lt;span style=&quot;color:#666666;font-family:&amp;quot;font-size:14px;background-color:#FFFFFF;&quot;&gt;&lt;span style=&quot;color:#666666;font-family:&amp;quot;font-size:14px;background-color:#FFFFFF;&quot;&gt;究竟是要多大的脑洞，才能想出如此清奇的糖葫芦品种？说到制作红烧肉糖葫芦的点子，摊主刘大姐说：“咱们做红烧肉就是要放糖的，我就想着结合一下，结果味道还不错。”&lt;/span&gt;&lt;/span&gt;\r\n&lt;/p&gt;\r\n&lt;p style=&quot;text-align:center;&quot;&gt;\r\n	&lt;span style=&quot;color:#666666;font-family:&amp;quot;font-size:14px;background-color:#FFFFFF;&quot;&gt;&lt;span style=&quot;color:#666666;font-family:&amp;quot;font-size:14px;background-color:#FFFFFF;&quot;&gt;&lt;img src=&quot;/imoocnews/upload/2017/02/09/589bf81211692.jpg&quot; alt=&quot;&quot; width=&quot;400&quot; height=&quot;266&quot; title=&quot;&quot; align=&quot;&quot; /&gt;&lt;br /&gt;\r\n&lt;/span&gt;&lt;/span&gt;\r\n&lt;/p&gt;\r\n&lt;p&gt;\r\n	&lt;span style=&quot;color:#666666;font-family:&amp;quot;font-size:14px;background-color:#FFFFFF;&quot;&gt;&lt;br /&gt;\r\n&lt;/span&gt;\r\n&lt;/p&gt;', '1486616618', '0');
INSERT INTO `cms_news_content` VALUES ('31', '41', '&lt;p style=&quot;font-family:&amp;quot;font-size:16px;background-color:#FFFFFF;text-indent:2em;&quot;&gt;\r\n	BI中文站 2月9日报道\r\n&lt;/p&gt;\r\n&lt;p style=&quot;font-family:&amp;quot;font-size:16px;background-color:#FFFFFF;text-indent:2em;&quot;&gt;\r\n	社交网络&lt;a class=&quot;a-tips-Article-QQ&quot; href=&quot;http://stockhtm.finance.qq.com/astock/ggcx/FB.OQ.htm&quot; target=&quot;_blank&quot;&gt;Facebook&lt;/a&gt;联合创始人马克&lt;span style=&quot;color:white;background-color:navy;&quot;&gt;&lt;/span&gt;·扎克伯格（Mark Zuckerberg）最雄心勃勃的计划是研究和治愈人类所面临的各种疾病。这项计划最近又向前迈进了一步。据悉，扎克伯格计划在未来五年内为将近50名&lt;a class=&quot;a-tips-Article-QQ&quot; href=&quot;http://tech.qq.com/science.htm&quot; target=&quot;_blank&quot;&gt;科学&lt;/a&gt;家提供5000万美元的研究资助。\r\n&lt;/p&gt;\r\n&lt;p style=&quot;font-family:&amp;quot;font-size:16px;background-color:#FFFFFF;text-indent:2em;&quot;&gt;\r\n	在2006年9月，扎克伯格与其作为儿科医师的妻子普莉希拉&lt;span style=&quot;color:white;background-color:navy;&quot;&gt;&lt;/span&gt;·陈（Priscilla Chan）共同创立了慈善组织“陈-扎克伯格倡议行动”（Chan Zuckerberg Initiative，简称CZI），启动资金为30亿美元。该组织的目标就是在21世纪末“治愈各种疾病”。它主要专注于投资那些无法在短期内获得回报的长期科学研究项目。\r\n&lt;/p&gt;\r\n&lt;p style=&quot;font-family:&amp;quot;font-size:16px;background-color:#FFFFFF;text-indent:2em;&quot;&gt;\r\n	在周三，CZI 旗下的医学研究机构Chan Zuckerberg Biohub宣布，它计划给科学研究人员提供5000万美元资助。\r\n&lt;/p&gt;\r\n&lt;p style=&quot;font-family:&amp;quot;font-size:16px;background-color:#FFFFFF;text-indent:2em;&quot;&gt;\r\n	这些资金将会提供给47名科学家，用于资助他们在未来五年内的研究工资。平均每人可以获得大约1.5万美元的研究经费，这些科学研究人员关注的领域包括开发&lt;a class=&quot;a-tips-Article-QQ&quot; href=&quot;http://tech.qq.com/all/being1.htm&quot; target=&quot;_blank&quot;&gt;生物&lt;/a&gt;芯片技术和研究疟疾的传播等等。\r\n&lt;/p&gt;\r\n&lt;p style=&quot;font-family:&amp;quot;font-size:16px;background-color:#FFFFFF;text-indent:2em;&quot;&gt;\r\n	Chan Zuckerberg Biohub将与三所大学进行合作：加州大学伯克利分校（Berkley）、中佛罗里达大学（UCF）和斯坦福大学。“与我们合作的这三所大学担负了Biohub最核心的工作。”该组织称，“我们的科学研究人员均来自于这些杰出的研究机构，它们的师资力量将成为Biohub日常业务的重要组成部分。”随着Biohub组织不断发展壮大，它还将会与其他研究机构建立合作关系。\r\n&lt;/p&gt;\r\n&lt;p style=&quot;font-family:&amp;quot;font-size:16px;background-color:#FFFFFF;text-indent:2em;&quot;&gt;\r\n	“扎克伯格和普莉希拉是热心的科学爱好者。”Biohub组织的联合主席、加州大学旧金山分校（UCSF）教授约瑟夫&lt;span style=&quot;color:white;background-color:navy;&quot;&gt;&lt;/span&gt;·德里西（Joseph DeRisi）说，“他们热衷于学习新的事物，了解最前沿的科学研究成果。”\r\n&lt;/p&gt;\r\n&lt;p style=&quot;font-family:&amp;quot;font-size:16px;background-color:#FFFFFF;text-indent:2em;&quot;&gt;\r\n	“我们正在进行的研究将有助于解决重大的健康问题。我们会不断物色和资助最出色、最聪明的生物学家、科学家、工程师和技术专家。我们组织的文化强调知识的自由流动和合作。”Biohub组织称，“我们会给我们的团队提供最完善的科学研究工具。如果没有合适的研究工具，我们就会努力去创造它。”\r\n&lt;/p&gt;', '1486621699', '0');
INSERT INTO `cms_news_content` VALUES ('32', '42', '&lt;p style=&quot;font-family:&amp;quot;font-size:16px;background-color:#FFFFFF;text-indent:2em;&quot;&gt;\r\n	Mashable中文站 2月9日报道\r\n&lt;/p&gt;\r\n&lt;p style=&quot;font-family:&amp;quot;font-size:16px;background-color:#FFFFFF;text-indent:2em;&quot;&gt;\r\n	中国互联网巨头&lt;a class=&quot;a-tips-Article-QQ&quot; href=&quot;http://stockhtm.finance.qq.com/hk/ggcx/01688.htm&quot; target=&quot;_blank&quot;&gt;阿里巴巴&lt;/a&gt;即将跟随硅谷巨头的脚步，在印度推免费互联网。\r\n&lt;/p&gt;\r\n&lt;p style=&quot;font-family:&amp;quot;font-size:16px;background-color:#FFFFFF;text-indent:2em;&quot;&gt;\r\n	据悉，阿里巴巴正与印度电信运营商和Wi-Fi提供商谈判，未来将为印度民众提供免费互联网连接。\r\n&lt;/p&gt;\r\n&lt;p style=&quot;font-family:&amp;quot;font-size:16px;background-color:#FFFFFF;text-indent:2em;&quot;&gt;\r\n	2014年阿里巴巴收购UC浏览器后，后者一直是阿里在印度市场的开路先锋。上个月，UC浏览器还宣布未来两年将在印度和印度尼西亚市场投资20亿卢比（约合2900万美元）。\r\n&lt;/p&gt;\r\n&lt;p style=&quot;font-family:&amp;quot;font-size:16px;background-color:#FFFFFF;text-indent:2em;&quot;&gt;\r\n	最近几年，UC浏览器在印度成了主打新闻分发的内容平台。上个月，该公司表示它们计划吸引30万自媒体加入自家内容平台。\r\n&lt;/p&gt;\r\n&lt;p style=&quot;font-family:&amp;quot;font-size:16px;background-color:#FFFFFF;text-indent:2em;&quot;&gt;\r\n	“对UC浏览器来说，印度是最重要的海外市场，这笔投资将让印度移动互联网行业进入‘GUF’时代（&lt;a class=&quot;a-tips-Article-QQ&quot; href=&quot;http://stockhtm.finance.qq.com/astock/ggcx/GOOG.OQ.htm&quot; target=&quot;_blank&quot;&gt;谷歌&lt;/a&gt;(&lt;a href=&quot;http://t.qq.com/googlechina#pref=qqcom.keyword&quot; target=&quot;_blank&quot;&gt;微博&lt;/a&gt;)、UC浏览器和&lt;a class=&quot;a-tips-Article-QQ&quot; href=&quot;http://stockhtm.finance.qq.com/astock/ggcx/FB.OQ.htm&quot; target=&quot;_blank&quot;&gt;Facebook&lt;/a&gt;）。”去年年末，UC浏览器在印度的月活跃用户数突破1亿。\r\n&lt;/p&gt;\r\n&lt;p style=&quot;font-family:&amp;quot;font-size:16px;background-color:#FFFFFF;text-indent:2em;&quot;&gt;\r\n	不过，与此前Facebook的Free Basics一样，阿里巴巴在印度推广免费互联网时可能也会遇到阻力。去年，印度政府就因为网络中立原则禁掉了Free Basics（只能登陆Facebook筛选的一些网站）。\r\n&lt;/p&gt;\r\n&lt;p style=&quot;font-family:&amp;quot;font-size:16px;background-color:#FFFFFF;text-indent:2em;&quot;&gt;\r\n	印度网民已经突破4亿，跃居世界第二，不过这个人口大国依旧有三分之二的人口游离于互联网世界之外。因此，印度是那些对用户基数非常敏感公司的必争之地。\r\n&lt;/p&gt;\r\n&lt;p style=&quot;font-family:&amp;quot;font-size:16px;background-color:#FFFFFF;text-indent:2em;&quot;&gt;\r\n	硅谷巨头谷歌、Facebook和&lt;a class=&quot;a-tips-Article-QQ&quot; href=&quot;http://stockhtm.finance.qq.com/astock/ggcx/MSFT.OQ.htm&quot; target=&quot;_blank&quot;&gt;微软&lt;/a&gt;已经早一步行动了起来，谷歌的免费Wi-Fi已经在印度100座火车站铺开，未来2-3年内免费Wi-Fi会进入另外300座火车站。在Free Basics被禁后，Facebook则开始了名为Express Wifi的新项目，这次它们找了印度本土运营商合作。微软也想攻下印度的空白地带，它们准备利用未使用的频率传送网络信号。\r\n&lt;/p&gt;\r\n&lt;p style=&quot;font-family:&amp;quot;font-size:16px;background-color:#FFFFFF;text-indent:2em;&quot;&gt;\r\n	与此同时，印度政府也没闲着，上个月，它们宣布将把免费互联网送入1000个村庄，未来15万个村子都将普及廉价互联网。\r\n&lt;/p&gt;', '1486621828', '0');
INSERT INTO `cms_news_content` VALUES ('33', '43', '&lt;p style=&quot;font-family:&amp;quot;font-size:16px;background-color:#FFFFFF;text-indent:2em;&quot;&gt;\r\n	腾讯科技讯（王潘）2月9日，小米科技董事长兼CEO&lt;a class=&quot;a-tips-Article-QQ&quot; href=&quot;http://datalib.tech.qq.com/people/29/index.shtml&quot; target=&quot;_blank&quot;&gt;雷军&lt;/a&gt;(&lt;span class=&quot;infoMblog&quot;&gt;&lt;a class=&quot;a-tips-Article-QQ&quot; href=&quot;http://t.qq.com/leijun#pref=qqcom.keyword&quot; target=&quot;_blank&quot;&gt;微博&lt;/a&gt;&lt;/span&gt;)出席2017亚布力中国企业家论坛并发表演讲和接受现场问答。雷军表示，最近头疼的事情是线下渠道，之前很多人告诉他，做线下渠道一定要有利润空间。\r\n&lt;/p&gt;\r\n&lt;p style=&quot;font-family:&amp;quot;font-size:16px;background-color:#FFFFFF;text-indent:2em;&quot;&gt;\r\n	雷军说，几乎所有人都劝他把小米产品卖得更贵，他每次听到这样的话都感到孤独，因为他们不了解自己的梦想和追求。\r\n&lt;/p&gt;\r\n&lt;p style=&quot;font-family:&amp;quot;font-size:16px;background-color:#FFFFFF;text-indent:2em;&quot;&gt;\r\n	“分解下小米现有的业务，就电商而言，我们目前已经是手机电商之王。但是就算小米在手机电商占到50%的市场份额，线下渠道依然很强，电商还解决不了所有的问题，这是下一步发展需要解决的。”雷军说，小米从去年开始铺线下渠道小米之家，这种连锁店的不同之处是完全自营，完全由小米自己运作，到去年年底已经开了51家小米之家，平均每平米销售额26万。\r\n&lt;/p&gt;\r\n&lt;p style=&quot;font-family:&amp;quot;font-size:16px;background-color:#FFFFFF;text-indent:2em;&quot;&gt;\r\n	&lt;strong&gt;以下是雷军接受问答部分实录：&lt;/strong&gt;\r\n&lt;/p&gt;\r\n&lt;p style=&quot;font-family:&amp;quot;font-size:16px;background-color:#FFFFFF;text-indent:2em;&quot;&gt;\r\n	&lt;strong&gt;提问：雷总怎么看待OPPO的快速增长？&lt;/strong&gt;\r\n&lt;/p&gt;\r\n&lt;p style=&quot;font-family:&amp;quot;font-size:16px;background-color:#FFFFFF;text-indent:2em;&quot;&gt;\r\n	雷军：OPPO是非常值得尊重的中国企业，我希望中国能涌现出更多小米、华为、OPPO这样的优秀企业。\r\n&lt;/p&gt;\r\n&lt;p style=&quot;font-family:&amp;quot;font-size:16px;background-color:#FFFFFF;text-indent:2em;&quot;&gt;\r\n	&lt;strong&gt;提问：你认为华为是否也具有互联网思维？&lt;/strong&gt;\r\n&lt;/p&gt;\r\n&lt;p style=&quot;font-family:&amp;quot;font-size:16px;background-color:#FFFFFF;text-indent:2em;&quot;&gt;\r\n	雷军：华为也是中国企业的骄傲，但是之所以现在做得好，我认为小米也有贡献。五年前华为开始做手机，也是学习小米做产品和用户体验。但骨子里，我认为华为不具有互联网思维。是小米出现了之后，大家才一起把山寨机市场打没了。\r\n&lt;/p&gt;\r\n&lt;p style=&quot;font-family:&amp;quot;font-size:16px;background-color:#FFFFFF;text-indent:2em;&quot;&gt;\r\n	&lt;strong&gt;提问：小米现在要从线上往线下走，你怎么看待这种零售面临的问题？&lt;/strong&gt;\r\n&lt;/p&gt;\r\n&lt;p style=&quot;font-family:&amp;quot;font-size:16px;background-color:#FFFFFF;text-indent:2em;&quot;&gt;\r\n	雷军：我之前对零售的线上线下结合感到迷茫，因为只有线上才能实现我的性价比的追求，这是我之前两年一直迷茫的问题，但是小米之家就是我的答案。\r\n&lt;/p&gt;', '1486622016', '0');
INSERT INTO `cms_news_content` VALUES ('34', '44', '超震撼的宇宙演化过程', '1487840494', '0');
INSERT INTO `cms_news_content` VALUES ('35', '45', '<div style=\"text-align:center;\">\r\n	超震撼的宇宙演化过程!!!\r\n</div>', '1487840939', '0');

-- ----------------------------
-- Table structure for cms_position
-- ----------------------------
DROP TABLE IF EXISTS `cms_position`;
CREATE TABLE `cms_position` (
  `id` smallint(5) unsigned NOT NULL AUTO_INCREMENT COMMENT '主键ID',
  `name` char(30) NOT NULL DEFAULT '' COMMENT '推荐位名',
  `status` tinyint(1) NOT NULL DEFAULT '1' COMMENT '状态',
  `description` char(100) DEFAULT NULL COMMENT '说明',
  `create_time` int(10) unsigned NOT NULL DEFAULT '0' COMMENT '创建时间',
  `update_time` int(10) unsigned NOT NULL DEFAULT '0' COMMENT '更新时间',
  PRIMARY KEY (`id`)
) ENGINE=MyISAM AUTO_INCREMENT=10 DEFAULT CHARSET=utf8;

-- ----------------------------
-- Records of cms_position
-- ----------------------------
INSERT INTO `cms_position` VALUES ('1', '首页大图', '-1', '展示首页大图的推荐位1', '1455634352', '0');
INSERT INTO `cms_position` VALUES ('2', '首页大图', '1', '展示首页大图的', '1455634715', '0');
INSERT INTO `cms_position` VALUES ('3', '小图推荐', '1', '小图推荐位', '1456665873', '0');
INSERT INTO `cms_position` VALUES ('4', '首页后侧推荐位', '-1', '', '1457248469', '0');
INSERT INTO `cms_position` VALUES ('5', '右侧广告位', '1', '右侧广告位', '1457873143', '0');
INSERT INTO `cms_position` VALUES ('9', '我都是', '-1', '我都是', '1485245262', '0');

-- ----------------------------
-- Table structure for cms_position_content
-- ----------------------------
DROP TABLE IF EXISTS `cms_position_content`;
CREATE TABLE `cms_position_content` (
  `id` smallint(5) unsigned NOT NULL AUTO_INCREMENT COMMENT '主键id',
  `position_id` int(5) unsigned NOT NULL COMMENT '对应推荐位ID',
  `title` varchar(30) NOT NULL DEFAULT '' COMMENT '标题',
  `thumb` varchar(100) NOT NULL DEFAULT '' COMMENT '缩略图',
  `url` varchar(100) DEFAULT NULL,
  `news_id` mediumint(8) unsigned NOT NULL COMMENT '文章ID',
  `listorder` tinyint(3) unsigned NOT NULL DEFAULT '0' COMMENT '排序',
  `status` tinyint(1) NOT NULL DEFAULT '1' COMMENT '状态',
  `create_time` int(10) unsigned NOT NULL DEFAULT '0' COMMENT '创建时间',
  `update_time` int(10) unsigned NOT NULL DEFAULT '0' COMMENT '更新时间',
  PRIMARY KEY (`id`)
) ENGINE=MyISAM AUTO_INCREMENT=52 DEFAULT CHARSET=utf8;

-- ----------------------------
-- Records of cms_position_content
-- ----------------------------
INSERT INTO `cms_position_content` VALUES ('28', '2', '习近平今日下午出席解放军代表团全体会议', '/imoocnews/upload/2017/01/23/5885a7dcc41a5.jpg', null, '21', '0', '-1', '1457854896', '0');
INSERT INTO `cms_position_content` VALUES ('27', '2', '文章18测试sss', '/upload/2016/03/07/56dcc0158f70e.JPG', '', '18', '0', '-1', '1457306930', '0');
INSERT INTO `cms_position_content` VALUES ('26', '2', 'ss', '/upload/2016/03/07/56dcbce02cab9.JPG', 'http://sina.com.cn', '0', '0', '-1', '1457306890', '0');
INSERT INTO `cms_position_content` VALUES ('25', '3', 'test', '/upload/2016/03/06/56dbdc0c483af.JPG', null, '17', '0', '-1', '1455756856', '0');
INSERT INTO `cms_position_content` VALUES ('23', '2', 'test', '/upload/2016/03/06/56dbdc0c483af.JPG', null, '17', '1', '-1', '1455756856', '0');
INSERT INTO `cms_position_content` VALUES ('24', '2', '你好ssss', '/upload/2016/03/06/56dbdc015e662.JPG', null, '18', '2', '-1', '1455756999', '0');
INSERT INTO `cms_position_content` VALUES ('29', '3', '李克强让部长们当第一新闻发言人', '/imoocnews/upload/2017/02/04/589569922cfcf.jpg', '', '22', '12', '-1', '1457855362', '0');
INSERT INTO `cms_position_content` VALUES ('30', '3', '重庆美女球迷争芳斗艳', '/imoocnews/upload/2017/02/04/589569bc2d33e.jpg', '', '23', '0', '-1', '1457855680', '0');
INSERT INTO `cms_position_content` VALUES ('31', '3', '中超-汪嵩世界波制胜 富力客场1-0力擒泰达', '/imoocnews/upload/2017/02/04/589569a83d64c.jpg', '', '24', '0', '-1', '1457856460', '0');
INSERT INTO `cms_position_content` VALUES ('32', '5', '2015劳伦斯国际体坛精彩瞬间', '/imoocnews/upload/2017/02/05/589685295124d.jpg', 'http://sports.sina.com.cn/laureus/moment2015/', '0', '0', '-1', '1457873220', '0');
INSERT INTO `cms_position_content` VALUES ('33', '5', 'singwa老师教您如何学PHP', '/imoocnews/upload/2017/02/05/58968514edeed.jpg', 'http://t.imooc.com/space/teacher/id/255838', '0', '0', '-1', '1457873435', '0');
INSERT INTO `cms_position_content` VALUES ('34', '2', '习近平今日下午出席解放军代表团全体会议', '/imoocnews/upload/2017/02/04/589559f94c725.jpg', '', '21', '0', '-1', '1457854896', '0');
INSERT INTO `cms_position_content` VALUES ('35', '2', '中超-汪嵩世界波制胜 富力客场1-0力擒泰达', '/imoocnews/upload/2017/02/04/589556dd66160.jpg', '', '24', '0', '-1', '1457856460', '0');
INSERT INTO `cms_position_content` VALUES ('36', '2', '重庆', '/imoocnews/upload/2017/01/23/5885a7dcc41a5.jpg', null, '33', '30', '-1', '1485094190', '0');
INSERT INTO `cms_position_content` VALUES ('37', '2', '54564', '/imoocnews/upload/2017/01/27/588b4a9d8d3ad.jpg', '5555', '36', '0', '-1', '1485523631', '0');
INSERT INTO `cms_position_content` VALUES ('38', '2', '李克强让部长们当第一新闻发言人', '/imoocnews/upload/2017/01/27/588b4b2ce9392.jpg', 'ppp', '99', '0', '-1', '1485523765', '0');
INSERT INTO `cms_position_content` VALUES ('39', '2', '789', '/imoocnews/upload/2017/01/27/588b4b609a659.jpg', 'http://www.imooc.com', '899', '0', '-1', '1485523847', '0');
INSERT INTO `cms_position_content` VALUES ('40', '2', '中', '/imoocnews/upload/2017/01/27/588b5e82b94b1.jpg', 'http://www.imooc.com', '0', '0', '-1', '1485525879', '0');
INSERT INTO `cms_position_content` VALUES ('41', '2', '中', '/imoocnews/upload/2017/01/27/588b5396cdd52.jpg', 'http://www.imooc.com', '33', '0', '-1', '1485526148', '0');
INSERT INTO `cms_position_content` VALUES ('42', '2', '东北虎胖成气球：“这就是过年后的你”', '/imoocnews/upload/2017/02/09/589befc90d942.jpg', null, '35', '100', '1', '1486614679', '0');
INSERT INTO `cms_position_content` VALUES ('43', '2', '吴三桂绝世珍宝惊艳亮相 3件展品暴露称帝之心', '/imoocnews/upload/2017/02/09/589bf1990d915.jpg', null, '36', '0', '1', '1486615110', '0');
INSERT INTO `cms_position_content` VALUES ('44', '2', '产品方法论：B端产品需求梳理分析模型', '/imoocnews/upload/2017/02/09/589bf2c30e4bb.png', null, '37', '0', '1', '1486615335', '0');
INSERT INTO `cms_position_content` VALUES ('45', '5', '产品方法论：B端产品需求梳理分析模型', '/imoocnews/upload/2017/02/09/589bf2c30e4bb.png', null, '37', '0', '1', '1486615335', '0');
INSERT INTO `cms_position_content` VALUES ('46', '2', '川疆战爆发冲突 哈达迪恶意锁喉周琦挥拳(图)', '/imoocnews/upload/2017/02/09/589bf40ed1248.jpg', null, '38', '0', '1', '1486615754', '0');
INSERT INTO `cms_position_content` VALUES ('47', '2', '网友晒逼真“麻将汤圆”引调侃 吃了保证手气好', '/imoocnews/upload/2017/02/09/589bf5fcecb1e.jpg', null, '39', '0', '-1', '1486616337', '0');
INSERT INTO `cms_position_content` VALUES ('48', '3', '网友晒逼真“麻将汤圆”引调侃 吃了保证手气好', '/imoocnews/upload/2017/02/09/589bf5fcecb1e.jpg', null, '39', '0', '-1', '1486616337', '0');
INSERT INTO `cms_position_content` VALUES ('49', '3', '扎克伯格计划资助近50名科学家 主要研究疟疾传播', '/imoocnews/upload/2017/02/09/589c0bdf378d9.jpg', null, '41', '0', '1', '1486621699', '0');
INSERT INTO `cms_position_content` VALUES ('50', '3', '阿里效仿谷歌 也要在印度推免费互联网服务', '/imoocnews/upload/2017/02/09/589c0c5ad04c9.jpg', null, '42', '0', '1', '1486621828', '0');
INSERT INTO `cms_position_content` VALUES ('51', '3', '雷军：最近头疼线下渠道 很多人劝我把产品卖得更贵', '/imoocnews/upload/2017/02/09/589c0d263f006.jpg', null, '43', '0', '1', '1486622016', '0');
